"chembl_id","canonical_smiles","ic50_nm"
"CHEMBL308930","COc1cc(C(=O)N2CCN(C(=O)c3cc(OC)c(OC)c(OC)c3)C(COC(=O)N3CCCCC3)C2)cc(OC)c1OC","95000"
"CHEMBL308930","COc1cc(C(=O)N2CCN(C(=O)c3cc(OC)c(OC)c(OC)c3)C(COC(=O)N3CCCCC3)C2)cc(OC)c1OC","80"
"CHEMBL292697","O=c1cc(C(c2ccccc2)c2ccccc2)oc2cc(O)ccc12","10890"
"CHEMBL289142","NC(Cc1nc2cc(Br)ccc2n1CP(=O)(O)O)C(=O)OCc1ccccc1","56"
"CHEMBL289142","NC(Cc1nc2cc(Br)ccc2n1CP(=O)(O)O)C(=O)OCc1ccccc1","15500"
"CHEMBL118299","CNC(=O)c1cc2c(Oc3ccc(C(C)=O)cc3)cncc2s1","21"
"CHEMBL118299","CNC(=O)c1cc2c(Oc3ccc(C(C)=O)cc3)cncc2s1","40"
"CHEMBL118299","CNC(=O)c1cc2c(Oc3ccc(C(C)=O)cc3)cncc2s1","1000"
"CHEMBL116958","CNC(=O)c1cc2c(Oc3ccc(/C=C/C(=O)NCCN(CCO)CCO)cc3)cncc2s1","680"
"CHEMBL116958","CNC(=O)c1cc2c(Oc3ccc(/C=C/C(=O)NCCN(CCO)CCO)cc3)cncc2s1","600"
"CHEMBL116958","CNC(=O)c1cc2c(Oc3ccc(/C=C/C(=O)NCCN(CCO)CCO)cc3)cncc2s1","1000"
"CHEMBL3215340","CNC1C(=O)NC2Cc3ccc(cc3)Oc3cc4cc(c3O[C@@H]3O[C@@H](C(=O)O)[C@@H](O)[C@H](O)[C@@H]3N)Oc3ccc(cc3Cl)C(O)C3NC(=O)C(NC(=O)C4NC(=O)C(NC2=O)c2cc(cc(O)c2Cl)Oc2cc1ccc2O)c1ccc(O)c(c1)-c1c(O[C@H]2O[C@H](CO)[C@@H](O)[C@@H](O)[C@@H]2O)cc(O)cc1[C@H](C(=O)O)NC3=O","500000"
"CHEMBL3215340","CNC1C(=O)NC2Cc3ccc(cc3)Oc3cc4cc(c3O[C@@H]3O[C@@H](C(=O)O)[C@@H](O)[C@H](O)[C@@H]3N)Oc3ccc(cc3Cl)C(O)C3NC(=O)C(NC(=O)C4NC(=O)C(NC2=O)c2cc(cc(O)c2Cl)Oc2cc1ccc2O)c1ccc(O)c(c1)-c1c(O[C@H]2O[C@H](CO)[C@@H](O)[C@@H](O)[C@@H]2O)cc(O)cc1[C@H](C(=O)O)NC3=O","500000"
"CHEMBL3215340","CNC1C(=O)NC2Cc3ccc(cc3)Oc3cc4cc(c3O[C@@H]3O[C@@H](C(=O)O)[C@@H](O)[C@H](O)[C@@H]3N)Oc3ccc(cc3Cl)C(O)C3NC(=O)C(NC(=O)C4NC(=O)C(NC2=O)c2cc(cc(O)c2Cl)Oc2cc1ccc2O)c1ccc(O)c(c1)-c1c(O[C@H]2O[C@H](CO)[C@@H](O)[C@@H](O)[C@@H]2O)cc(O)cc1[C@H](C(=O)O)NC3=O","500000"
"CHEMBL405267","NC1C(=O)NC2Cc3ccc(c(Cl)c3)Oc3cc4cc(c3O)Oc3ccc(cc3Cl)C(O)C3NC(=O)C(NC(=O)C4NC(=O)C(NC2=O)c2cc(O)cc(c2)Oc2cc1ccc2O)c1ccc(O)c(c1)-c1c(O)cc(O)cc1[C@H](C(=O)C1NCCC2CCCCC21)NC3=O","250000"
"CHEMBL405267","NC1C(=O)NC2Cc3ccc(c(Cl)c3)Oc3cc4cc(c3O)Oc3ccc(cc3Cl)C(O)C3NC(=O)C(NC(=O)C4NC(=O)C(NC2=O)c2cc(O)cc(c2)Oc2cc1ccc2O)c1ccc(O)c(c1)-c1c(O)cc(O)cc1[C@H](C(=O)C1NCCC2CCCCC21)NC3=O","250000"
"CHEMBL405267","NC1C(=O)NC2Cc3ccc(c(Cl)c3)Oc3cc4cc(c3O)Oc3ccc(cc3Cl)C(O)C3NC(=O)C(NC(=O)C4NC(=O)C(NC2=O)c2cc(O)cc(c2)Oc2cc1ccc2O)c1ccc(O)c(c1)-c1c(O)cc(O)cc1[C@H](C(=O)C1NCCC2CCCCC21)NC3=O","250000"
"CHEMBL46425","Cc1cccc2c(CN(C)C(=O)/C=C/c3cnc4c(c3)CCC(=O)N4)c(C)n(C)c12","20"
"CHEMBL46425","Cc1cccc2c(CN(C)C(=O)/C=C/c3cnc4c(c3)CCC(=O)N4)c(C)n(C)c12","70"
"CHEMBL46425","Cc1cccc2c(CN(C)C(=O)/C=C/c3cnc4c(c3)CCC(=O)N4)c(C)n(C)c12","70"
"CHEMBL46425","Cc1cccc2c(CN(C)C(=O)/C=C/c3cnc4c(c3)CCC(=O)N4)c(C)n(C)c12","30000"
"CHEMBL134277","CC1=CC(C)(C)Nc2ccc3c(c21)/C(=C/c1ccsc1)Oc1ccc(F)cc1-3","215"
"CHEMBL134277","CC1=CC(C)(C)Nc2ccc3c(c21)/C(=C/c1ccsc1)Oc1ccc(F)cc1-3","100"
"CHEMBL134277","CC1=CC(C)(C)Nc2ccc3c(c21)/C(=C/c1ccsc1)Oc1ccc(F)cc1-3","1900"
"CHEMBL134277","CC1=CC(C)(C)Nc2ccc3c(c21)/C(=C/c1ccsc1)Oc1ccc(F)cc1-3","3488"
"CHEMBL137635","CN(c1ccccc1)c1ncnc2ccc(N/N=N/Cc3ccccn3)cc12","9300"
"CHEMBL137635","CN(c1ccccc1)c1ncnc2ccc(N/N=N/Cc3ccccn3)cc12","25140"
"CHEMBL137635","CN(c1ccccc1)c1ncnc2ccc(N/N=N/Cc3ccccn3)cc12","64090"
"CHEMBL137635","CN(c1ccccc1)c1ncnc2ccc(N/N=N/Cc3ccccn3)cc12","39420"
"CHEMBL132206","OC1(c2ccccc2F)c2ccccc2C2=NCCCN21","23"
"CHEMBL130747","OC1(c2cccnc2)c2ccccc2C2=NCCN21","640"
"CHEMBL143482","CS(=O)(=O)c1ccc(CSc2nc(-c3ccc(F)cc3)c(-c3ccncc3)[nH]2)cc1","2500"
"CHEMBL143482","CS(=O)(=O)c1ccc(CSc2nc(-c3ccc(F)cc3)c(-c3ccncc3)[nH]2)cc1","330"
"CHEMBL143482","CS(=O)(=O)c1ccc(CSc2nc(-c3ccc(F)cc3)c(-c3ccncc3)[nH]2)cc1","28800"
"CHEMBL143482","CS(=O)(=O)c1ccc(CSc2nc(-c3ccc(F)cc3)c(-c3ccncc3)[nH]2)cc1","2900"
"CHEMBL358814","C[S+]([O-])c1ccccc1CSc1nc(-c2ccc(F)cc2)c(-c2ccncc2)[nH]1","15000"
"CHEMBL358814","C[S+]([O-])c1ccccc1CSc1nc(-c2ccc(F)cc2)c(-c2ccncc2)[nH]1","900"
"CHEMBL358814","C[S+]([O-])c1ccccc1CSc1nc(-c2ccc(F)cc2)c(-c2ccncc2)[nH]1","47500"
"CHEMBL358814","C[S+]([O-])c1ccccc1CSc1nc(-c2ccc(F)cc2)c(-c2ccncc2)[nH]1","4000"
"CHEMBL90512","C/C(=N\N=C(\N)S)c1ccc(Cl)c(Cl)c1","50"
"CHEMBL327902","C/C(=N\NC(N)=O)c1cccc(Cl)c1","10000"
"CHEMBL320290","NC(Cc1ccnn1O)C(=O)O","2700"
"CHEMBL320290","NC(Cc1ccnn1O)C(=O)O","100000"
"CHEMBL320290","NC(Cc1ccnn1O)C(=O)O","100000"
"CHEMBL320290","NC(Cc1ccnn1O)C(=O)O","200000"
"CHEMBL320290","NC(Cc1ccnn1O)C(=O)O","1000000"
"CHEMBL320290","NC(Cc1ccnn1O)C(=O)O","430000"
"CHEMBL320290","NC(Cc1ccnn1O)C(=O)O","1000000"
"CHEMBL106698","N=C(N)N[C@@H](C(=O)NCC(=O)N1CCC(c2cc(-c3ccccc3)[nH]n2)CC1)C1CCCCC1","120000"
"CHEMBL104564","COC(=O)[C@H](Cc1ccc(C#Cc2ccccc2)cc1)NC(=O)CNC(=O)[C@@H](CCC(N)=O)N=C(N)N","900000"
"CHEMBL105780","CC(C)C[C@@H](N=C(N)N)C(=O)NCC(=O)N1CCC(c2cc(-c3ccc(O)c(Cl)c3Cl)nn2C)CC1","8100"
"CHEMBL46553","Nc1nc(O)c2nn(-c3cccc(C(=O)NC[C@H]4CCCC[C@@H]4O)c3)nc2n1","320"
"CHEMBL348223","CC(=O)OC1C(C)C2/C=C/OC3(C)Oc4c(C)c(O)c5c(O)c(c(N6CCN(Cc7c(C)cc(C)cc7C)CC6)c(O)c5c4C3=O)NC(=O)/C(C)=C\C=C\C(C)C(O)C(C)C(O2)C1C","100"
"CHEMBL1907776","O=C(O)[C@@H](NS(=O)(=O)c1ccccc1)c1ccccc1","11000"
"CHEMBL306988","CC(=C(C#N)C#N)c1ccc(NC(=O)CCC(=O)O)cc1","500000"
"CHEMBL66879","O=C(O)/C=C/c1ccc(O)cc1","3000000"
"CHEMBL77085","N#CC(C#N)=Cc1cc(O)ccc1[N+](=O)[O-]","96000"
"CHEMBL544127","CC(C)CN(C)Cc1cc(C(=O)c2csc(S(N)(=O)=O)c2)ccc1O.Cl","9"
"CHEMBL36880","CN(c1ccccc1C(=O)O)S(=O)(=O)c1ccc2ccccc2c1","400000"
"CHEMBL315191","CC[C@H]1C(=O)SC[C@@H]1Cc1cncn1C","320"
"CHEMBL315191","CC[C@H]1C(=O)SC[C@@H]1Cc1cncn1C","775"
"CHEMBL92429","CC[C@@H]1COC[C@@H]1Cc1cncn1C","445"
"CHEMBL92429","CC[C@@H]1COC[C@@H]1Cc1cncn1C","1800"
"CHEMBL47918","CCCC[C@H](O[C@@H](Cc1ccccc1)C(=O)N1CCC(OCOC)CC1)C(=O)N[C@@H](CC1CCCCC1)[C@@H](O)C[C@H](C(=O)N(C)CCN(C)C)C(C)C","30"
"CHEMBL47918","CCCC[C@H](O[C@@H](Cc1ccccc1)C(=O)N1CCC(OCOC)CC1)C(=O)N[C@@H](CC1CCCCC1)[C@@H](O)C[C@H](C(=O)N(C)CCN(C)C)C(C)C","290"
"CHEMBL50217","CCCC[C@H](O[C@@H](Cc1ccccc1)C(=O)N1CCC(OCOC)CC1)C(=O)N[C@@H](CC1CCCCC1)[C@@H](O)C[C@H](NC(=O)OCc1ccccc1)C(C)C","2.2"
"CHEMBL50217","CCCC[C@H](O[C@@H](Cc1ccccc1)C(=O)N1CCC(OCOC)CC1)C(=O)N[C@@H](CC1CCCCC1)[C@@H](O)C[C@H](NC(=O)OCc1ccccc1)C(C)C","83"
"CHEMBL148416","C=CCC1(CN2CCCC2)CCCCN1C(=O)Cc1ccc(Cl)c(Cl)c1","10000"
"CHEMBL99102","CCC[C@@H](NC(=O)N1C(=O)C[C@@H]1Cc1ccccc1)c1ccccc1","3400"
"CHEMBL97927","O=C1C[C@H](Cc2ccccc2)N1C(=O)NCc1ccncc1","12000"
"CHEMBL97927","O=C1C[C@H](Cc2ccccc2)N1C(=O)NCc1ccncc1","75000"
"CHEMBL97927","O=C1C[C@H](Cc2ccccc2)N1C(=O)NCc1ccncc1","75000"
"CHEMBL97927","O=C1C[C@H](Cc2ccccc2)N1C(=O)NCc1ccncc1","75000"
"CHEMBL318278","COc1ccc(CN(C)C(=O)N2C(=O)C[C@@H]2Cc2ccccc2)cc1","7400"
"CHEMBL321153","CN1CC[C@]23c4c5ccc(O)c4O[C@H]2[C@@H](O)[C@@H](c2ccccc2)CC3[C@H]1C5","178"
"CHEMBL542710","CCCCCC1N=C(N)CC1C.Cl","360"
"CHEMBL542710","CCCCCC1N=C(N)CC1C.Cl","243000"
"CHEMBL542710","CCCCCC1N=C(N)CC1C.Cl","5370"
"CHEMBL552936","CC1CC(N)=NC1Cc1ccccc1.Cl","3000"
"CHEMBL552936","CC1CC(N)=NC1Cc1ccccc1.Cl","458000"
"CHEMBL552936","CC1CC(N)=NC1Cc1ccccc1.Cl","8290"
"CHEMBL169991","COC(=O)C1C(Cc2ccccc2)CC2CCC1N2C","885"
"CHEMBL169991","COC(=O)C1C(Cc2ccccc2)CC2CCC1N2C","1020"
"CHEMBL10395","O=c1oc(Nc2nncs2)nc2ccccc12","62500"
"CHEMBL10380","O=c1oc(Nc2ccccc2I)nc2cc(C3CCCCC3)ccc12","62500"
"CHEMBL332022","Nc1nc(N)c2nc(CNc3ccc(C(=O)N[C@@H](CC(F)C(=O)O)C(=O)O)cc3Cl)cnc2n1","0.0043"
"CHEMBL332022","Nc1nc(N)c2nc(CNc3ccc(C(=O)N[C@@H](CC(F)C(=O)O)C(=O)O)cc3Cl)cnc2n1","0.0118"
"CHEMBL332022","Nc1nc(N)c2nc(CNc3ccc(C(=O)N[C@@H](CC(F)C(=O)O)C(=O)O)cc3Cl)cnc2n1","100000"
"CHEMBL145169","COc1cc(/C=C/c2cnc3nc(N)nc(N)c3c2)cc(OC)c1OC","5000"
"CHEMBL145169","COc1cc(/C=C/c2cnc3nc(N)nc(N)c3c2)cc(OC)c1OC","1400"
"CHEMBL145169","COc1cc(/C=C/c2cnc3nc(N)nc(N)c3c2)cc(OC)c1OC","12900"
"CHEMBL2111280","Nc1ncnc2c1cnn2[C@@H]1C=C[C@@H](O)[C@H]1O","100000"
"CHEMBL2111280","Nc1ncnc2c1cnn2[C@@H]1C=C[C@@H](O)[C@H]1O","100000"
"CHEMBL2111280","Nc1ncnc2c1cnn2[C@@H]1C=C[C@@H](O)[C@H]1O","100000"
"CHEMBL2111280","Nc1ncnc2c1cnn2[C@@H]1C=C[C@@H](O)[C@H]1O","100000"
"CHEMBL352332","COC(=O)CCc1c(-c2ccccc2)c(O)nc2cc(Cl)ccc12","500"
"CHEMBL306457","NC(=O)C(C[C@H](O)[C@H](Cc1ccccc1)NC(=O)c1cnc2ccccc2n1)C1(O)CCCCC1","540"
"CHEMBL306457","NC(=O)C(C[C@H](O)[C@H](Cc1ccccc1)NC(=O)c1cnc2ccccc2n1)C1(O)CCCCC1","120"
"CHEMBL419526","c1ccc(-c2cnc(Nc3ccccn3)o2)cc1","1880"
"CHEMBL112160","COCCNc1ccc(N2C(=O)c3ccc(C(=O)O)cc3C2=O)cc1-c1nc2cc(-c3ccccc3)ccc2o1","2000"
